phone_e164,first_name,last_name,company,title,city,state,timezone,gmt_offset_now,rank,employees,process,oem,industry,website,linkedin_url,li_status,email,dm_name,gatekeeper_name,notes,list_id,source
+19375550101,Dale,Harlan,Harlan Precision Machining,Owner,Dayton,OH,America/New_York,-4,96,48,machining,Honda,automotive tier 2,harlanprecision.example,https://www.linkedin.com/in/example-dale-harlan,accepted,dale@harlanprecision.example,Dale Harlan,Tina,"IATF 16949, 5-axis, mostly brackets and housings",101,demo
+18145550102,Marie,Kowalski,Keystone Stamping and Tool,Quality Manager,Erie,PA,America/New_York,-4,93,85,stamping,GM,automotive,keystonestamping.example,,,marie.k@keystonestamping.example,Marie Kowalski,,Progressive die stamping up to 400 ton,101,demo
+12315550103,Rick,Vandenberg,Great Lakes Forge,President,Muskegon,MI,America/Detroit,-4,90,120,forging,Ford,automotive,greatlakesforge.example,,accepted,rick@greatlakesforge.example,Rick Vandenberg,Sharon,Closed die steel forgings,101,demo
+18285550104,Tom,Bledsoe,Carolina Die Cast,General Manager,Hickory,NC,America/New_York,-4,84,64,casting,,industrial,carolinadiecast.example,,,tom@carolinadiecast.example,Tom Bledsoe,,Aluminum die casting and machining,101,demo
+12605550105,Greg,Mauer,Hoosier Forge Works,Owner,Fort Wayne,IN,America/Indiana/Indianapolis,-4,81,32,forging,Cummins,automotive,hoosierforge.example,,,greg@hoosierforge.example,Greg Mauer,,,101,demo
+12625550106,Anna,Lindqvist,Badger Castings,Quality Director,Waukesha,WI,America/Chicago,-5,88,140,casting,John Deere,industrial,badgercastings.example,,accepted,anna.l@badgercastings.example,Anna Lindqvist,,Gray and ductile iron foundry,101,demo
+18175550107,Luis,Ortega,Lone Star CNC,Owner,Fort Worth,TX,America/Chicago,-5,86,22,machining,Bell,aerospace AS9100,lonestarcnc.example,,,luis@lonestarcnc.example,Luis Ortega,Becky,AS9102 FAI on every new part number,101,demo
+18155550108,Frank,DeLuca,Tri-County Tool and Die,President,Rockford,IL,America/Chicago,-5,79,41,tool and die,,industrial,tricountytool.example,,,frank@tricountytool.example,Frank DeLuca,,,101,demo
+17635550109,Erik,Sorensen,Twin Cities Precision,VP Operations,Blaine,MN,America/Chicago,-5,77,95,machining,Medtronic,medical,tcprecision.example,,,erik@tcprecision.example,Erik Sorensen,,Swiss turning for medical,101,demo
+13165550110,Wade,Pruitt,Prairie Metal Fab,Owner,Wichita,KS,America/Chicago,-5,70,18,fabrication,Spirit,aerospace,prairiemetalfab.example,,,wade@prairiemetalfab.example,Wade Pruitt,,,101,demo
+18655550111,Carl,Whitaker,Volunteer Machine,Plant Manager,Knoxville,TN,America/New_York,-4,68,58,machining,Denso,automotive,volunteermachine.example,,,carl@volunteermachine.example,Carl Whitaker,,,101,demo
+19705550112,Ben,Coates,Front Range Precision,Owner,Loveland,CO,America/Denver,-6,74,27,machining,Woodward,aerospace,frontrangeprecision.example,,accepted,ben@frontrangeprecision.example,Ben Coates,,,101,demo
+18015550113,Jared,Nielson,Wasatch Tool and Die,Quality Manager,Ogden,UT,America/Denver,-6,72,36,tool and die,Autoliv,automotive,wasatchtool.example,,,jared@wasatchtool.example,Jared Nielson,,,101,demo
+12535550114,Hannah,Okafor,Cascade Machining,Quality Engineer,Kent,WA,America/Los_Angeles,-7,83,110,machining,Boeing,aerospace AS9100,cascademachining.example,,,hannah@cascademachining.example,Mike Durant,Lori,Contact is the quality engineer. Owner is Mike Durant.,101,demo
+17755550115,Pete,Salazar,Sierra Stamping,Owner,Reno,NV,America/Los_Angeles,-7,66,15,stamping,,industrial,sierrastamping.example,,,pete@sierrastamping.example,Pete Salazar,,,101,demo
+17145550116,Kevin,Tran,Golden State Swiss,President,Anaheim,CA,America/Los_Angeles,-7,80,52,machining,Parker,aerospace,goldenstateswiss.example,,,kevin@goldenstateswiss.example,Kevin Tran,,Swiss screw machining,101,demo
